Year,Round,Season,Date,Time,HomeTeam,HomeCountry,Score,AwayTeam,AwayCountry,Win,WinCountry,Venue
2008,1,1,Saturday 5 April,0.604166667,Central Pulse,New Zealand,33-50,Melbourne Vixens,Australia,Melbourne Vixens,Australia,"TSB Bank Arena, Wellington"
2008,1,1,Sunday 6 April,0.541666667,Queensland Firebirds,Australia,48-46,West Coast Fever,Australia,Queensland Firebirds,Australia,Brisbane Convention & Exhibition Centre
2008,1,1,Sunday 6 April,0.729166667,Northern Mystics,New Zealand,44-48,Canterbury Tactix,New Zealand,Canterbury Tactix,New Zealand,"Trusts Stadium, Auckland"
2008,1,1,Monday 7 April,0.791666667,Waikato Bay of Plenty Magic,New Zealand,46-42,Adelaide Thunderbirds,Australia,Waikato Bay of Plenty Magic,New Zealand,"Energy Events Centre, Rotorua"
2008,1,1,Monday 7 April,0.791666667,New South Wales Swifts,Australia,53-42,Southern Steel,New Zealand,New South Wales Swifts,Australia,"Acer Arena, Sydney"
2008,2,1,Saturday 12 April,0.604166667,Canterbury Tactix,New Zealand,50-44,New South Wales Swifts,Australia,Canterbury Tactix,New Zealand,"Westpac Centre, Christchurch"
2008,2,1,Sunday 13 April,0.5625,Melbourne Vixens,Australia,62-52,Queensland Firebirds,Australia,Melbourne Vixens,Australia,"State Netball and Hockey Centre,Melbourne"
2008,2,1,Sunday 13 April,0.729166667,Waikato Bay of Plenty Magic,New Zealand,56-52,Northern Mystics,New Zealand,Waikato Bay of Plenty Magic,New Zealand,"Energy Events Centre, Rotorua"
2008,2,1,Monday 14 April,0.791666667,Central Pulse,New Zealand,50-52,Southern Steel,New Zealand,Southern Steel,New Zealand,"TSB Bank Arena, Wellington"
2008,2,1,Monday 14 April,0.75,West Coast Fever,Australia,41-54,Adelaide Thunderbirds,Australia,Adelaide Thunderbirds,Australia,"Challenge Stadium, Perth"
2008,3,1,Saturday 19 April,0.604166667,Northern Mystics,New Zealand,45-49,West Coast Fever,Australia,West Coast Fever,Australia,"Trusts Stadium, Auckland"
2008,3,1,Saturday 19 April,0.604166667,New South Wales Swifts,Australia,50-47,Waikato Bay of Plenty Magic,New Zealand,New South Wales Swifts,Australia,Newcastle Entertainment Centre
2008,3,1,Sunday 20 April,0.5625,Melbourne Vixens,Australia,38-39,Adelaide Thunderbirds,Australia,Adelaide Thunderbirds,Australia,"Vodafone Arena, Melbourne"
2008,3,1,Monday 21 April,0.791666667,Canterbury Tactix,New Zealand,42-51,Southern Steel,New Zealand,Southern Steel,New Zealand,"Westpac Arena, Christchurch"
2008,3,1,Monday 21 April,0.791666667,Queensland Firebirds,Australia,56-28,Central Pulse,New Zealand,Queensland Firebirds,Australia,Brisbane Convention & Exhibition Centre
2008,4,1,Saturday 26 April,0.604166667,Waikato Bay of Plenty Magic,New Zealand,61-47,West Coast Fever,Australia,Waikato Bay of Plenty Magic,New Zealand,"Mystery Creek Events Centre,Hamilton"
2008,4,1,Saturday 26 April,0.604166667,Queensland Firebirds,Australia,46-40,Northern Mystics,New Zealand,Queensland Firebirds,Australia,Brisbane Convention & Exhibition Centre
2008,4,1,Sunday 27 April,0.541666667,Adelaide Thunderbirds,Australia,54-41,Southern Steel,New Zealand,Adelaide Thunderbirds,Australia,"ETSA Park, Adelaide"
2008,4,1,Monday 28 April,0.791666667,Canterbury Tactix,New Zealand,50-58,Melbourne Vixens,Australia,Melbourne Vixens,Australia,"Westpac Arena, Christchurch"
2008,4,1,Monday 28 April,0.791666667,New South Wales Swifts,Australia,59-30,Central Pulse,New Zealand,New South Wales Swifts,Australia,Sydney Olympic Park Sports Centre
2008,5,2,Saturday 3 May,0.604166667,Waikato Bay of Plenty Magic,New Zealand,54-37,Central Pulse,New Zealand,Waikato Bay of Plenty Magic,New Zealand,"Mystery Creek Events Centre,Hamilton"
2008,5,2,Saturday 3 May,0.520833333,West Coast Fever,Australia,46-65,Queensland Firebirds,Australia,Queensland Firebirds,Australia,"Challenge Stadium, Perth"
2008,5,2,Monday 5 May,0.791666667,Southern Steel,New Zealand,48-50,Northern Mystics,New Zealand,Northern Mystics,New Zealand,"Stadium Southland, Invercargill"
2008,5,2,Monday 5 May,0.791666667,New South Wales Swifts,Australia,52-53,Melbourne Vixens,Australia,Melbourne Vixens,Australia,Newcastle Entertainment Centre
2008,6,2,Saturday 10 May,0.604166667,Southern Steel,New Zealand,48-51,Canterbury Tactix,New Zealand,Canterbury Tactix,New Zealand,"Stadium Southland, Invercargill"
2008,6,2,Saturday 10 May,0.604166667,Queensland Firebirds,Australia,66-52,New South Wales Swifts,Australia,Queensland Firebirds,Australia,Brisbane Convention & Exhibition Centre
2008,6,2,Monday 12 May,0.791666667,Northern Mystics,New Zealand,45-59,Waikato Bay of Plenty Magic,New Zealand,Waikato Bay of Plenty Magic,New Zealand,"Trusts Stadium, Auckland"
2008,6,2,Monday 12 May,0.770833333,Adelaide Thunderbirds,Australia,66-50,West Coast Fever,Australia,Adelaide Thunderbirds,Australia,"ETSA Park, Adelaide"
2008,7,2,Saturday 17 May,0.604166667,Central Pulse,New Zealand,50-55,Canterbury Tactix,New Zealand,Canterbury Tactix,New Zealand,"Arena Manawatu, Palmerston North"
2008,7,2,Sunday 18 May,0.541666667,Adelaide Thunderbirds,Australia,46-52,Melbourne Vixens,Australia,Melbourne Vixens,Australia,"ETSA Park, Adelaide"
2008,7,2,Monday 19 May,0.791666667,Waikato Bay of Plenty Magic,New Zealand,56-47,Southern Steel,New Zealand,Waikato Bay of Plenty Magic,New Zealand,"Mystery Creek Events Centre,Hamilton"
2008,7,2,Monday 19 May,0.791666667,New South Wales Swifts,Australia,66-54,West Coast Fever,Australia,New South Wales Swifts,Australia,Sydney Olympic Park Sports Centre
2008,8,2,Saturday 24 May,0.604166667,Canterbury Tactix,New Zealand,50-54,Waikato Bay of Plenty Magic,New Zealand,Waikato Bay of Plenty Magic,New Zealand,"Westpac Arena, Christchurch"
2008,8,2,Sunday 25 May,0.5625,Queensland Firebirds,Australia,60-51,Melbourne Vixens,Australia,Queensland Firebirds,Australia,Brisbane Convention & Exhibition Centre
2008,8,2,Monday 26 May,0.791666667,Central Pulse,New Zealand,48-54,Northern Mystics,New Zealand,Northern Mystics,New Zealand,"TSB Bank Arena, Wellington"
2008,8,2,Monday 26 May,0.770833333,Adelaide Thunderbirds,Australia,44-50,New South Wales Swifts,Australia,New South Wales Swifts,Australia,"ETSA Park, Adelaide"
2008,9,2,Saturday 31 May,0.604166667,Southern Steel,New Zealand,41-29,Central Pulse,New Zealand,Southern Steel,New Zealand,"Stadium Southland, Invercargill"
2008,9,2,Sunday 1 June,0.5625,Melbourne Vixens,Australia,57-44,West Coast Fever,Australia,Melbourne Vixens,Australia,"State Netball and Hockey Centre,Melbourne"
2008,9,2,Monday 2 June,0.791666667,Northern Mystics,New Zealand,50-46,Canterbury Tactix,New Zealand,Northern Mystics,New Zealand,"Trusts Stadium, Auckland"
2008,9,2,Monday 2 June,0.791666667,Queensland Firebirds,Australia,41-47,Adelaide Thunderbirds,Australia,Adelaide Thunderbirds,Australia,Brisbane Convention & Exhibition Centre
2008,10,3,Saturday 7 June,0.604166667,Southern Steel,New Zealand,47-46,Melbourne Vixens,Australia,Southern Steel,New Zealand,"Stadium Southland, Invercargill"
2008,10,3,Sunday 8 June,0.541666667,Adelaide Thunderbirds,Australia,61-41,Canterbury Tactix,New Zealand,Adelaide Thunderbirds,Australia,"ETSA Park, Adelaide"
2008,10,3,Sunday 8 June,0.729166667,Waikato Bay of Plenty Magic,New Zealand,56-50,Queensland Firebirds,Australia,Waikato Bay of Plenty Magic,New Zealand,"Energy Events Centre, Rotorua"
2008,10,3,Monday 9 June,0.791666667,Northern Mystics,New Zealand,62-64,New South Wales Swifts,Australia,New South Wales Swifts,Australia,"Trusts Stadium, Auckland"
2008,10,3,Monday 9 June,0.75,West Coast Fever,Australia,draw 33-16,Central Pulse,New Zealand,Central Pulse,New Zealand,"Challenge Stadium, Perth"
2008,11,3,Saturday 14 June,0.604166667,Northern Mystics,New Zealand,47-48,Adelaide Thunderbirds,Australia,Adelaide Thunderbirds,Australia,"Trusts Stadium, Auckland"
2008,11,3,Sunday 15 June,0.5625,New South Wales Swifts,Australia,61-60,Queensland Firebirds,Australia,New South Wales Swifts,Australia,Sydney Olympic Park Sports Centre
2008,11,3,Sunday 15 June,0.729166667,Canterbury Tactix,New Zealand,50-49,Central Pulse,New Zealand,Canterbury Tactix,New Zealand,"Westpac Centre, Christchurch"
2008,11,3,Monday 16 June,0.791666667,Southern Steel,New Zealand,58-43,West Coast Fever,Australia,Southern Steel,New Zealand,"Edgar Centre, Dunedin"
2008,11,3,Monday 16 June,0.791666667,Melbourne Vixens,Australia,47-40,Waikato Bay of Plenty Magic,New Zealand,Melbourne Vixens,Australia,"State Netball and Hockey Centre,Melbourne"
2008,12,3,Saturday 21 June,0.604166667,Central Pulse,New Zealand,41-46,Waikato Bay of Plenty Magic,New Zealand,Waikato Bay of Plenty Magic,New Zealand,"TSB Bank Arena, Wellington"
2008,12,3,Saturday 21 June,0.520833333,West Coast Fever,Australia,48-54,Melbourne Vixens,Australia,Melbourne Vixens,Australia,"Challenge Stadium, Perth"
2008,12,3,Sunday 22 June,0.5625,Queensland Firebirds,Australia,50-36,Canterbury Tactix,New Zealand,Queensland Firebirds,Australia,Brisbane Convention & Exhibition Centre
2008,12,3,Monday 23 June,0.791666667,Northern Mystics,New Zealand,47-41,Southern Steel,New Zealand,Northern Mystics,New Zealand,"North Shore Events Centre, Auckland"
2008,12,3,Monday 23 June,0.791666667,New South Wales Swifts,Australia,51-41,Adelaide Thunderbirds,Australia,New South Wales Swifts,Australia,Sydney Olympic Park Sports Centre
2008,13,3,Saturday 28 June,0.604166667,Northern Mystics,New Zealand,42-28,Central Pulse,New Zealand,Northern Mystics,New Zealand,"North Shore Events Centre, Auckland"
2008,13,3,Saturday 28 June,0.583333333,Adelaide Thunderbirds,Australia,66-47,Queensland Firebirds,Australia,Adelaide Thunderbirds,Australia,"ETSA Park, Adelaide"
2008,13,3,Sunday 29 June,0.479166667,West Coast Fever,Australia,50-44,Canterbury Tactix,New Zealand,West Coast Fever,Australia,"Challenge Stadium, Perth"
2008,13,3,Monday 30 June,0.791666667,Southern Steel,New Zealand,47-43,Waikato Bay of Plenty Magic,New Zealand,Southern Steel,New Zealand,"Stadium Southland, Invercargill"
2008,13,3,Monday 30 June,0.791666667,Melbourne Vixens,Australia,49-62,New South Wales Swifts,Australia,New South Wales Swifts,Australia,"Vodafone Arena, Melbourne"
2008,14,3,Saturday 5 July,0.604166667,Waikato Bay of Plenty Magic,New Zealand,69-44,Canterbury Tactix,New Zealand,Waikato Bay of Plenty Magic,New Zealand,"Mystery Creek Events Centre,Hamilton"
2008,14,3,Sunday 6 July,0.5625,Melbourne Vixens,Australia,56-47,Northern Mystics,New Zealand,Melbourne Vixens,Australia,"Vodafone Arena, Melbourne"
2008,14,3,Sunday 6 July,0.729166667,Southern Steel,New Zealand,54-52,Queensland Firebirds,Australia,Southern Steel,New Zealand,"Edgar Centre, Dunedin"
2008,14,3,Monday 7 July,0.791666667,Central Pulse,New Zealand,32-44,Adelaide Thunderbirds,Australia,Adelaide Thunderbirds,Australia,"Pettigrew Green Arena, Napier"
2008,14,3,Monday 7 July,0.75,West Coast Fever,Australia,54-63,New South Wales Swifts,Australia,New South Wales Swifts,Australia,"Challenge Stadium, Perth"
2008,15,4,Sunday 13 July,0.729166667,Waikato Bay of Plenty Magic,New Zealand,56-57,New South Wales Swifts,Australia,New South Wales Swifts,Australia,"Mystery Creek Events Centre,Hamilton"
2008,15,4,Monday 14 July,0.6875,Adelaide Thunderbirds,Australia,53-48,Melbourne Vixens,Australia,Adelaide Thunderbirds,Australia,"ETSA Park, Adelaide"
2008,16,4,Monday 21 July,0.791666667,Waikato Bay of Plenty Magic,New Zealand,51-49,Adelaide Thunderbirds,Australia,Waikato Bay of Plenty Magic,New Zealand,"Mystery Creek Events Centre,Hamilton"
2008,17,4,Monday 28 July,0.791666667,New South Wales Swifts,Australia,65-56,Waikato Bay of Plenty Magic,New Zealand,New South Wales Swifts,Australia,"Acer Arena, Sydney"
2009,1,1,"Saturday 4 April, 2:00 pm",,Southern Steel,New Zealand,55-46,Central Pulse,New Zealand,Southern Steel,New Zealand,"Stadium Southland, Invercargill"
2009,1,1,"Saturday 4 April, 2:00 pm",,Melbourne Vixens,Australia,57-44,West Coast Fever,Australia,Melbourne Vixens,Australia,"State Netball and Hockey Centre, Melbourne"
2009,1,1,"Sunday 5 April, 2:30 pm",,Queensland Firebirds,Australia,48-60,Adelaide Thunderbirds,Australia,Adelaide Thunderbirds,Australia,Brisbane Convention and Exhibition Centre
2009,1,1,"Monday 6 April, 7:00 pm",,Northern Mystics,New Zealand,38-51,Waikato Bay of Plenty Magic,New Zealand,Waikato Bay of Plenty Magic,New Zealand,"Trusts Stadium, Auckland"
2009,1,1,"Monday 6 April, 7:00 pm",,New South Wales Swifts,Australia,62-45,Canterbury Tactix,New Zealand,New South Wales Swifts,Australia,Sydney Olympic Park Sports Centre
2009,2,1,"Saturday 11 April, 2:00 pm",,Waikato Bay of Plenty Magic,New Zealand,54-47,Southern Steel,New Zealand,Waikato Bay of Plenty Magic,New Zealand,"Queen Elizabeth Youth Centre, Tauranga"
2009,2,1,"Sunday 12 April, 2:00 pm",,Adelaide Thunderbirds,Australia,48-47,New South Wales Swifts,Australia,Adelaide Thunderbirds,Australia,"ETSA Park, Adelaide"
2009,2,1,"Sunday 12 April, 6:30 pm",,Northern Mystics,New Zealand,54-50,Central Pulse,New Zealand,Northern Mystics,New Zealand,"North Shore Events Centre, Auckland"
2009,2,1,"Monday 13 April, 7:00 pm",,Canterbury Tactix,New Zealand,52-44,West Coast Fever,Australia,Canterbury Tactix,New Zealand,"Westpac Arena, Christchurch"
2009,2,1,"Monday 13 April, 7:00 pm",,Queensland Firebirds,Australia,51-54,Melbourne Vixens,Australia,Melbourne Vixens,Australia,Brisbane Convention and Exhibition Centre
2009,3,1,"Saturday 18 April, 2:00 pm",,Central Pulse,New Zealand,46-58,Queensland Firebirds,Australia,Queensland Firebirds,Australia,"TSB Bank Arena, Wellington"
2009,3,1,"Sunday 19 April, 2:00 pm",,Adelaide Thunderbirds,Australia,43-49,Melbourne Vixens,Australia,Melbourne Vixens,Australia,"ETSA Park, Adelaide"
2009,3,1,"Sunday 19 April, 6:30 pm",,Southern Steel,New Zealand,52-48,Canterbury Tactix,New Zealand,Southern Steel,New Zealand,"The Edgar Centre, Dunedin"
2009,3,1,"Monday 20 April, 7:00 pm",,Waikato Bay of Plenty Magic,New Zealand,63-45,New South Wales Swifts,Australia,Waikato Bay of Plenty Magic,New Zealand,"Mystery Creek Events Centre, Hamilton"
2009,3,1,"Monday 20 April, 5:00 pm",,West Coast Fever,Australia,57-46,Northern Mystics,New Zealand,West Coast Fever,Australia,"Challenge Stadium, Perth"
2009,4,1,"Saturday 25 April, 2:00 pm",,Central Pulse,New Zealand,54-60,West Coast Fever,Australia,West Coast Fever,Australia,"Arena Manawatu, Palmerston North"
2009,4,1,"Saturday 25 April, 2:00 pm",,Melbourne Vixens,Australia,48-31,Southern Steel,New Zealand,Melbourne Vixens,Australia,"State Netball and Hockey Centre, Melbourne"
2009,4,1,"Sunday 26 April, 2:30 pm",,Queensland Firebirds,Australia,53-42,Waikato Bay of Plenty Magic,New Zealand,Queensland Firebirds,Australia,Brisbane Convention and Exhibition Centre
2009,4,1,"Monday 27 April, 7:00 pm",,Canterbury Tactix,New Zealand,48-53 (42-42),Adelaide Thunderbirds,Australia,Adelaide Thunderbirds,Australia,"Westpac Arena, Christchurch"
2009,4,1,"Monday 27 April, 7:00 pm",,New South Wales Swifts,Australia,59-55,Northern Mystics,New Zealand,New South Wales Swifts,Australia,Sydney Olympic Park Sports Centre
2009,5,2,"Saturday 2 May, 2:00 pm",,Canterbury Tactix,New Zealand,48-50,Waikato Bay of Plenty Magic,New Zealand,Waikato Bay of Plenty Magic,New Zealand,"Westpac Arena, Christchurch"
2009,5,2,"Sunday 3 May, 2:30 pm",,Melbourne Vixens,Australia,50-42,Adelaide Thunderbirds,Australia,Melbourne Vixens,Australia,"Hisense Arena, Melbourne"
2009,5,2,"Monday 4 May, 7:00 pm",,Central Pulse,New Zealand,60-61 (50-50),Northern Mystics,New Zealand,Northern Mystics,New Zealand,"TSB Bank Arena, Wellington"
2009,5,2,"Monday 4 May, 6:00 pm",,West Coast Fever,Australia,67-66 (54-54),New South Wales Swifts,Australia,West Coast Fever,Australia,"Challenge Stadium, Perth"
2009,6,2,"Saturday 9 May, 2:00 pm",,Waikato Bay of Plenty Magic,New Zealand,59-36,Central Pulse,New Zealand,Waikato Bay of Plenty Magic,New Zealand,"Mystery Creek Events Centre, Hamilton"
2009,6,2,"Sunday 10 May, 2:30 pm",,New South Wales Swifts,Australia,40-51,Adelaide Thunderbirds,Australia,Adelaide Thunderbirds,Australia,Sydney Olympic Park Sports Centre
2009,6,2,"Monday 11 May, 7:00 pm",,Northern Mystics,New Zealand,52-61,Southern Steel,New Zealand,Southern Steel,New Zealand,"Trusts Stadium, Auckland"
2009,6,2,"Monday 11 May, 7:00 pm",,Queensland Firebirds,Australia,56-53,West Coast Fever,Australia,Queensland Firebirds,Australia,Brisbane Convention and Exhibition Centre
2009,7,2,"Saturday 16 May, 2:00 pm",,Canterbury Tactix,New Zealand,47-48,Southern Steel,New Zealand,Southern Steel,New Zealand,"Westpac Arena, Christchurch"
2009,7,2,"Sunday 17 May, 12:30 pm",,West Coast Fever,Australia,49-74,Melbourne Vixens,Australia,Melbourne Vixens,Australia,"Challenge Stadium, Perth"
2009,7,2,"Monday 18 May, 7:00 pm",,Waikato Bay of Plenty Magic,New Zealand,50-35,Northern Mystics,New Zealand,Waikato Bay of Plenty Magic,New Zealand,"Energy Events Centre, Rotorua"
2009,7,2,"Monday 18 May, 7:00 pm",,New South Wales Swifts,Australia,54-58,Queensland Firebirds,Australia,Queensland Firebirds,Australia,Sydney Olympic Park Sports Centre
2009,8,2,"Saturday 23 May, 2:00 pm",,Canterbury Tactix,New Zealand,49-46,Central Pulse,New Zealand,Canterbury Tactix,New Zealand,"Westpac Arena, Christchurch"
2009,8,2,"Sunday 24 May, 2:00 pm",,Adelaide Thunderbirds,Australia,51-50,Queensland Firebirds,Australia,Adelaide Thunderbirds,Australia,"ETSA Park, Adelaide"
2009,8,2,"Monday 25 May, 7:00 pm",,Southern Steel,New Zealand,39-48,Waikato Bay of Plenty Magic,New Zealand,Waikato Bay of Plenty Magic,New Zealand,"Stadium Southland, Invercargill"
2009,8,2,"Monday 25 May, 7:00 pm",,Melbourne Vixens,Australia,65-63 (54-54),New South Wales Swifts,Australia,Melbourne Vixens,Australia,"Hisense Arena, Melbourne"
2009,9,2,"Saturday 30 May, 2:00 pm",,Central Pulse,New Zealand,44-66,Southern Steel,New Zealand,Southern Steel,New Zealand,"TSB Bank Arena, Wellington"
2009,9,2,"Sunday 31 May, 2:30 pm",,Melbourne Vixens,Australia,57-53,Queensland Firebirds,Australia,Melbourne Vixens,Australia,"Hisense Arena, Melbourne"
2009,9,2,"Monday 1 June, 7:00 pm",,Northern Mystics,New Zealand,47-46,Canterbury Tactix,New Zealand,Northern Mystics,New Zealand,"Trusts Stadium, Auckland"
2009,9,2,"Monday 1 June, 6:00 pm",,West Coast Fever,Australia,41-61,Adelaide Thunderbirds,Australia,Adelaide Thunderbirds,Australia,"Challenge Stadium, Perth"
2009,10,3,"Saturday 6 June, 2:00 pm",,Central Pulse,New Zealand,45-59,Canterbury Tactix,New Zealand,Canterbury Tactix,New Zealand,"Te Rauparaha Arena, Porirua"
2009,10,3,"Saturday 6 June, 1:30 pm",,Adelaide Thunderbirds,Australia,58-34,Northern Mystics,New Zealand,Adelaide Thunderbirds,Australia,"Adelaide Arena, Adelaide"
2009,10,3,"Sunday 7 June, 2:30 pm",,Queensland Firebirds,Australia,62-61,New South Wales Swifts,Australia,Queensland Firebirds,Australia,Brisbane Convention and Exhibition Centre
2009,10,3,"Monday 8 June, 7:00 pm",,Waikato Bay of Plenty Magic,New Zealand,55-48,Melbourne Vixens,Australia,Waikato Bay of Plenty Magic,New Zealand,"Queen Elizabeth Youth Centre, Tauranga"
2009,10,3,"Monday 8 June, 5:00 pm",,West Coast Fever,Australia,59-48,Southern Steel,New Zealand,West Coast Fever,Australia,"Challenge Stadium, Perth"
2009,11,3,"Saturday 13 June, 2:00 pm",,Canterbury Tactix,New Zealand,53-46,Queensland Firebirds,Australia,Canterbury Tactix,New Zealand,"Westpac Arena, Christchurch"
2009,11,3,"Sunday 14 June, 2:00 pm",,Adelaide Thunderbirds,Australia,58-39,West Coast Fever,Australia,Adelaide Thunderbirds,Australia,"ETSA Park, Adelaide"
2009,11,3,"Sunday 14 June, 6:30 pm",,Central Pulse,New Zealand,35-67,Waikato Bay of Plenty Magic,New Zealand,Waikato Bay of Plenty Magic,New Zealand,"TSB Bank Arena, Wellington"
2009,11,3,"Monday 15 June, 7:00 pm",,Southern Steel,New Zealand,52-50,Northern Mystics,New Zealand,Southern Steel,New Zealand,"Stadium Southland, Invercargill"
2009,11,3,"Monday 15 June, 7:00 pm",,New South Wales Swifts,Australia,52-63,Melbourne Vixens,Australia,Melbourne Vixens,Australia,Sydney Olympic Park Sports Centre
2009,12,3,"Saturday 20 June, 2:00 pm",,Northern Mystics,New Zealand,57-61,Melbourne Vixens,Australia,Melbourne Vixens,Australia,"Trusts Stadium, Auckland"
2009,12,3,"Saturday 20 June, 1:30 pm",,Adelaide Thunderbirds,Australia,70-40,Central Pulse,New Zealand,Adelaide Thunderbirds,Australia,"ETSA Park, Adelaide"
2009,12,3,"Sunday 21 June, 2:30 pm",,New South Wales Swifts,Australia,60-63,West Coast Fever,Australia,West Coast Fever,Australia,Sydney Olympic Park Sports Centre
2009,12,3,"Monday 22 June, 7:00 pm",,Waikato Bay of Plenty Magic,New Zealand,50-46,Canterbury Tactix,New Zealand,Waikato Bay of Plenty Magic,New Zealand,"Energy Events Centre, Rotorua"
2009,12,3,"Monday 22 June, 7:00 pm",,Queensland Firebirds,Australia,52-50,Southern Steel,New Zealand,Queensland Firebirds,Australia,Brisbane Convention and Exhibition Centre
2009,13,3,"Saturday 27 June, 2:00 pm",,Northern Mystics,New Zealand,57-59,Queensland Firebirds,Australia,Queensland Firebirds,Australia,"Trusts Stadium, Auckland"
2009,13,3,"Sunday 28 June, 12:30 pm",,West Coast Fever,Australia,38-49,Waikato Bay of Plenty Magic,New Zealand,Waikato Bay of Plenty Magic,New Zealand,"Challenge Stadium, Perth"
2009,13,3,"Sunday 28 June, 6:30 pm",,Central Pulse,New Zealand,53-52,New South Wales Swifts,Australia,Central Pulse,New Zealand,"Te Rauparaha Arena, Porirua"
2009,13,3,"Monday 29 June, 7:00 pm",,Southern Steel,New Zealand,58-49,Adelaide Thunderbirds,Australia,Southern Steel,New Zealand,"The Edgar Centre, Dunedin"
2009,13,3,"Monday 29 June, 7:00 pm",,Melbourne Vixens,Australia,63-35,Canterbury Tactix,New Zealand,Melbourne Vixens,Australia,"Hisense Arena, Melbourne"
2009,14,3,"Saturday 4 July, 2:00 pm",,Southern Steel,New Zealand,55-48,New South Wales Swifts,Australia,Southern Steel,New Zealand,"Stadium Southland, Invercargill"
2009,14,3,"Saturday 4 July, 2:00 pm",,Melbourne Vixens,Australia,80-39,Central Pulse,New Zealand,Melbourne Vixens,Australia,"Hisense Arena, Melbourne"
2009,14,3,"Sunday 5 July, 2:00 pm",,Adelaide Thunderbirds,Australia,54-35,Waikato Bay of Plenty Magic,New Zealand,Adelaide Thunderbirds,Australia,"Adelaide Arena, Adelaide"
2009,14,3,"Monday 6 July, 7:00 pm",,Canterbury Tactix,New Zealand,63-56,Northern Mystics,New Zealand,Canterbury Tactix,New Zealand,"Westpac Arena, Christchurch"
2009,14,3,"Monday 6 July, 6:00 pm",,West Coast Fever,Australia,52-54,Queensland Firebirds,Australia,Queensland Firebirds,Australia,"Challenge Stadium, Perth"
2009,15,4,"Sunday 12 July, 2:30 pm",,Melbourne Vixens,Australia,58-43,Waikato Bay of Plenty Magic,New Zealand,Melbourne Vixens,Australia,"Hisense Arena, Melbourne"
2009,15,4,"Monday 13 July, 6:30 pm",,Adelaide Thunderbirds,Australia,51-45,Southern Steel,New Zealand,Adelaide Thunderbirds,Australia,"ETSA Park, Adelaide"
2009,16,4,"Sunday 19 July, 7:00 pm",,Waikato Bay of Plenty Magic,New Zealand,37-51,Adelaide Thunderbirds,Australia,Adelaide Thunderbirds,Australia,"Mystery Creek Events Centre, Hamilton"
2009,17,4,"Sunday 26 July, 2:30 pm",,Melbourne Vixens,Australia,54-46,Adelaide Thunderbirds,Australia,Melbourne Vixens,Australia,"Hisense Arena, Melbourne"
2010,1,1,Saturday 20 March 14:20 (UTC+13),,Northern Mystics,New Zealand,55-52,Adelaide Thunderbirds,Australia,Northern Mystics,New Zealand,"Trusts Stadium, Auckland"
2010,1,1,Sunday 21 March 13:50 (UTC+10),,Queensland Firebirds,Australia,47-50,New South Wales Swifts,Australia,New South Wales Swifts,Australia,Gold Coast Convention and Exhibition Centre
2010,1,1,Sunday 21 March 18:50 (UTC+13),,Southern Steel,New Zealand,46-44,West Coast Fever,Australia,Southern Steel,New Zealand,"Stadium Southland, Invercargill"
2010,1,1,Monday 22 March 19:20 (UTC+13),,Canterbury Tactix,New Zealand,54-48,Central Pulse,New Zealand,Canterbury Tactix,New Zealand,"Westpac Arena, Christchurch"
2010,1,1,Monday 22 March 19:05 (UTC+11),,Melbourne Vixens,Australia,48-40,Waikato Bay of Plenty Magic,New Zealand,Melbourne Vixens,Australia,"Hisense Arena, Melbourne"
2010,2,1,Saturday 27 March 14:20 (UTC+13),,Central Pulse,New Zealand,50-61,Northern Mystics,New Zealand,Northern Mystics,New Zealand,"Te Rauparaha Arena, Porirua"
2010,2,1,Saturday 27 March 13:50 (UTC+10:30),,Adelaide Thunderbirds,Australia,38-45,New South Wales Swifts,Australia,New South Wales Swifts,Australia,"ETSA Park, Adelaide"
2010,2,1,Sunday 28 March 14:50 (UTC+11),,Melbourne Vixens,Australia,53-46,Queensland Firebirds,Australia,Melbourne Vixens,Australia,"Hisense Arena, Melbourne"
2010,2,1,Monday 29 March 19:20 (UTC+13),,Waikato Bay of Plenty Magic,New Zealand,47-41,Southern Steel,New Zealand,Waikato Bay of Plenty Magic,New Zealand,"Energy Events Centre, Rotorua"
2010,2,1,Monday 29 March 17:05 (UTC+8),,West Coast Fever,Australia,62-44,Canterbury Tactix,New Zealand,West Coast Fever,Australia,"Challenge Stadium, Perth"
2010,3,1,Saturday 3 April 14:20 (UTC+13),,Northern Mystics,New Zealand,46-55,Waikato Bay of Plenty Magic,New Zealand,Waikato Bay of Plenty Magic,New Zealand,"Trusts Stadium, Auckland"
2010,3,1,Sunday 4 April 14:50 (UTC+10),,Queensland Firebirds,Australia,40-41,Adelaide Thunderbirds,Australia,Adelaide Thunderbirds,Australia,Brisbane Convention and Exhibition Centre
2010,3,1,Sunday 4 April 18:50 (UTC+12),,Canterbury Tactix,New Zealand,53-56,New South Wales Swifts,Australia,New South Wales Swifts,Australia,"Westpac Arena, Christchurch"
2010,3,1,Monday 5 April 19:20 (UTC+12),,Southern Steel,New Zealand,56-44,Central Pulse,New Zealand,Southern Steel,New Zealand,"Edgar Centre, Dunedin"
2010,3,1,Monday 5 April 18:05 (UTC+8),,West Coast Fever,Australia,50-64,Melbourne Vixens,Australia,Melbourne Vixens,Australia,"Challenge Stadium, Perth"
2010,4,1,Saturday 10 April 14:20 (UTC+12),,Waikato Bay of Plenty Magic,New Zealand,55-50,West Coast Fever,Australia,Waikato Bay of Plenty Magic,New Zealand,"Mystery Creek Events Centre, Hamilton"
2010,4,1,Saturday 10 April 14:20 (UTC+10),,New South Wales Swifts,Australia,50-36,Central Pulse,New Zealand,New South Wales Swifts,Australia,"State Sports Centre, Sydney"
2010,4,1,Sunday 11 April 14:20 (UTC+9:30),,Adelaide Thunderbirds,Australia,53-36,Southern Steel,New Zealand,Adelaide Thunderbirds,Australia,"ETSA Park, Adelaide"
2010,4,1,Monday 12 April 19:20 (UTC+12),,Canterbury Tactix,New Zealand,49-64,Melbourne Vixens,Australia,Melbourne Vixens,Australia,"Westpac Arena, Christchurch"
2010,4,1,Monday 12 April 19:05 (UTC+10),,Queensland Firebirds,Australia,71-54,Northern Mystics,New Zealand,Queensland Firebirds,Australia,Brisbane Convention and Exhibition Centre
2010,5,2,Saturday 17 April 14:20 (UTC+12),,Central Pulse,New Zealand,40-75,Adelaide Thunderbirds,Australia,Adelaide Thunderbirds,Australia,"TSB Bank Arena, Wellington"
2010,5,2,Sunday 18 April 14:50 (UTC+10),,New South Wales Swifts,Australia,55-43,West Coast Fever,Australia,New South Wales Swifts,Australia,Newcastle Entertainment Centre
2010,5,2,Sunday 18 April 18:50 (UTC+12),,Canterbury Tactix,New Zealand,36-53,Waikato Bay of Plenty Magic,New Zealand,Waikato Bay of Plenty Magic,New Zealand,"Westpac Arena, Christchurch"
2010,5,2,Monday 19 April 19:20 (UTC+12),,Southern Steel,New Zealand,41-56,Queensland Firebirds,Australia,Queensland Firebirds,Australia,"Stadium Southland, Invercargill"
2010,6,2,Monday 19 April 19:05 (UTC+10),,Melbourne Vixens,Australia,62-51,Northern Mystics,New Zealand,Melbourne Vixens,Australia,"Hisense Arena, Melbourne"
2010,6,2,Saturday 24 April 14:20 (UTC+12),,Northern Mystics,New Zealand,59-50,Canterbury Tactix,New Zealand,Northern Mystics,New Zealand,"Trusts Stadium, Auckland"
2010,6,2,Sunday 25 April 14:20 (UTC+10),,Queensland Firebirds,Australia,62-41,Melbourne Vixens,Australia,Queensland Firebirds,Australia,Brisbane Convention and Exhibition Centre
2010,6,2,Monday 26 April 19:20 (UTC+12),,Central Pulse,New Zealand,40-64,Southern Steel,New Zealand,Southern Steel,New Zealand,"TSB Bank Arena, Wellington"
2010,7,2,Monday 26 April 18:05 (UTC+8),,West Coast Fever,Australia,37-57,Adelaide Thunderbirds,Australia,Adelaide Thunderbirds,Australia,"Challenge Stadium, Perth"
2010,7,2,Saturday 1 May 14:20 (UTC+12),,Canterbury Tactix,New Zealand,38-66,Southern Steel,New Zealand,Southern Steel,New Zealand,"Westpac Arena, Christchurch"
2010,7,2,Sunday 2 May 14:50 (UTC+10),,New South Wales Swifts,Australia,56-42,Melbourne Vixens,Australia,New South Wales Swifts,Australia,"Acer Arena, Sydney"
2010,7,2,Monday 3 May 19:20 (UTC+12),,Waikato Bay of Plenty Magic,New Zealand,49-46,Northern Mystics,New Zealand,Waikato Bay of Plenty Magic,New Zealand,"Mystery Creek Events Centre, Hamilton"
2010,8,2,Monday 3 May 19:05 (UTC+10),,Queensland Firebirds,Australia,63-57,West Coast Fever,Australia,Queensland Firebirds,Australia,Brisbane Convention and Exhibition Centre
2010,8,2,Saturday 8 May 14:20 (UTC+12),,Waikato Bay of Plenty Magic,New Zealand,56-44,Central Pulse,New Zealand,Waikato Bay of Plenty Magic,New Zealand,"Energy Events Centre, Rotorua"
2010,8,2,Sunday 9 May 14:50 (UTC+10),,New South Wales Swifts,Australia,60-44,Adelaide Thunderbirds,Australia,New South Wales Swifts,Australia,"State Sports Centre, Sydney"
2010,8,2,Monday 10 May 19:20 (UTC+12),,Southern Steel,New Zealand,49-52,Northern Mystics,New Zealand,Northern Mystics,New Zealand,"Stadium Southland, Invercargill"
2010,9,2,Monday 10 May 19:05 (UTC+10),,Melbourne Vixens,Australia,53-56,West Coast Fever,Australia,West Coast Fever,Australia,"Hisense Arena, Melbourne"
2010,9,2,Saturday 15 May 14:20 (UTC+12),,Waikato Bay of Plenty Magic,New Zealand,72-52,Canterbury Tactix,New Zealand,Waikato Bay of Plenty Magic,New Zealand,"Mystery Creek Events Centre, Hamilton"
2010,9,2,Sunday 16 May 14:20 (UTC+9:30),,Adelaide Thunderbirds,Australia,58-47,Melbourne Vixens,Australia,Adelaide Thunderbirds,Australia,"ETSA Park, Adelaide"
2010,9,2,Monday 17 May 19:20 (UTC+12),,Northern Mystics,New Zealand,61-60,Central Pulse,New Zealand,Northern Mystics,New Zealand,"Trusts Stadium, Auckland"
2010,10,2,Monday 17 May 19:05 (UTC+10),,New South Wales Swifts,Australia,44-40,Queensland Firebirds,Australia,New South Wales Swifts,Australia,"State Sports Centre, Sydney"
2010,10,3,Saturday 22 May 14:20 (UTC+12),,Central Pulse,New Zealand,45-43,Canterbury Tactix,New Zealand,Central Pulse,New Zealand,"TSB Bank Arena, Wellington"
2010,10,3,Sunday 23 May 14:20 (UTC+9:30),,Adelaide Thunderbirds,Australia,53-51,Queensland Firebirds,Australia,Adelaide Thunderbirds,Australia,"ETSA Park, Adelaide"
2010,10,3,Monday 24 May 19:20 (UTC+12),,Southern Steel,New Zealand,52-47,Waikato Bay of Plenty Magic,New Zealand,Southern Steel,New Zealand,"Stadium Southland, Invercargill"
2010,10,3,Monday 24 May 18:05 (UTC+8),,West Coast Fever,Australia,52-61,New South Wales Swifts,Australia,New South Wales Swifts,Australia,"Challenge Stadium, Perth"
2010,11,3,Saturday 29 May 14:20 (UTC+12),,Northern Mystics,New Zealand,48-54,New South Wales Swifts,Australia,New South Wales Swifts,Australia,"Trusts Stadium, Auckland"
2010,11,3,Sunday 30 May 14:20 (UTC+9:30),,Adelaide Thunderbirds,Australia,58-34,Canterbury Tactix,New Zealand,Adelaide Thunderbirds,Australia,"ETSA Park, Adelaide"
2010,11,3,Sunday 30 May 18:50 (UTC+12),,Southern Steel,New Zealand,52-39,Melbourne Vixens,Australia,Southern Steel,New Zealand,"Edgar Centre, Dunedin"
2010,11,3,Monday 31 May 19:20 (UTC+12),,Waikato Bay of Plenty Magic,New Zealand,54-55,Queensland Firebirds,Australia,Queensland Firebirds,Australia,"Energy Events Centre, Rotorua"
2010,11,3,Monday 31 May 17:05 (UTC+8),,West Coast Fever,Australia,63-45,Central Pulse,New Zealand,West Coast Fever,Australia,"Challenge Stadium, Perth"
2010,12,3,Saturday 5 June 14:20 (UTC+12),,Northern Mystics,New Zealand,62-53,West Coast Fever,Australia,Northern Mystics,New Zealand,"North Shore Events Centre, Auckland"
2010,12,3,Saturday 5 June 14:20 (UTC+10),,Queensland Firebirds,Australia,52-42,Central Pulse,New Zealand,Queensland Firebirds,Australia,Brisbane Convention and Exhibition Centre
2010,12,3,Sunday 6 June 14:50 (UTC+10),,Melbourne Vixens,Australia,43-54,Adelaide Thunderbirds,Australia,Adelaide Thunderbirds,Australia,"Hisense Arena, Melbourne"
2010,12,3,Monday 7 June 19:20 (UTC+12),,Southern Steel,New Zealand,53-39,Canterbury Tactix,New Zealand,Southern Steel,New Zealand,"Stadium Southland, Invercargill"
2010,12,3,Monday 7 June 19:05 (UTC+10),,New South Wales Swifts,Australia,60-43,Waikato Bay of Plenty Magic,New Zealand,New South Wales Swifts,Australia,"State Sports Centre, Sydney"
2010,13,3,Saturday 12 June 14:20 (UTC+12),,Central Pulse,New Zealand,52-58,Waikato Bay of Plenty Magic,New Zealand,Waikato Bay of Plenty Magic,New Zealand,"Pettigrew Green Arena, Napier"
2010,13,3,Saturday 12 June 14:20 (UTC+10),,Melbourne Vixens,Australia,46-58,New South Wales Swifts,Australia,New South Wales Swifts,Australia,"Hisense Arena, Melbourne"
2010,13,3,Sunday 13 June 14:20 (UTC+9:30),,Adelaide Thunderbirds,Australia,54-45,West Coast Fever,Australia,Adelaide Thunderbirds,Australia,"Adelaide Arena, Adelaide"
2010,13,3,Monday 14 June 19:20 (UTC+12),,Northern Mystics,New Zealand,43-50,Southern Steel,New Zealand,Southern Steel,New Zealand,"Trusts Stadium, Auckland"
2010,13,3,Monday 14 June 19:05 (UTC+10),,Queensland Firebirds,Australia,75-32,Canterbury Tactix,New Zealand,Queensland Firebirds,Australia,Brisbane Convention and Exhibition Centre
2010,14,3,Saturday 19 June 14:20 (UTC+12),,Waikato Bay of Plenty Magic,New Zealand,53-44,Adelaide Thunderbirds,Australia,Waikato Bay of Plenty Magic,New Zealand,"Energy Events Centre, Rotorua"
2010,14,3,Sunday 20 June 12:50 (UTC+8),,West Coast Fever,Australia,67-59,Queensland Firebirds,Australia,West Coast Fever,Australia,"Challenge Stadium, Perth"
2010,14,3,Sunday 20 June 18:50 (UTC+12),,Canterbury Tactix,New Zealand,47-58,Northern Mystics,New Zealand,Northern Mystics,New Zealand,"Westpac Arena, Christchurch"
2010,14,3,Monday 21 June 19:20 (UTC+12),,Central Pulse,New Zealand,48-49,Melbourne Vixens,Australia,Melbourne Vixens,Australia,"Te Rauparaha Arena, Porirua"
2010,14,3,Monday 21 June 19:05 (UTC+10),,New South Wales Swifts,Australia,55-38,Southern Steel,New Zealand,New South Wales Swifts,Australia,"State Sports Centre, Sydney"
2010,15,4,Sunday 27 June 14:50 (UTC+10),,New South Wales Swifts,Australia,38-52,Adelaide Thunderbirds,Australia,Adelaide Thunderbirds,Australia,"Acer Arena, Sydney"
2010,15,4,Monday 28 June 19:20 (UTC+12),,Waikato Bay of Plenty Magic,New Zealand,50-42,Southern Steel,New Zealand,Waikato Bay of Plenty Magic,New Zealand,"Vector Arena, Auckland "
2010,16,4,Sunday 4 July 14:50 (UTC+10),,New South Wales Swifts,Australia,49-54,Waikato Bay of Plenty Magic,New Zealand,Waikato Bay of Plenty Magic,New Zealand,Newcastle Entertainment Centre
2010,17,4,Sunday 11 July 14:30 (UTC+9:30),,Adelaide Thunderbirds,Australia,52-42,Waikato Bay of Plenty Magic,New Zealand,Adelaide Thunderbirds,Australia,Adelaide Entertainment Centre
2011,1,1,Sunday 13 February,,New South Wales Swifts,Australia,60-40,Adelaide Thunderbirds,Australia,New South Wales Swifts,Australia,"State Sports Centre, Sydney"
2011,1,1,Monday 14 February,,Northern Mystics,New Zealand,51-34,Southern Steel,New Zealand,Northern Mystics,New Zealand,"Trusts Stadium, Auckland"
2011,2,1,Saturday 19 February,,Central Pulse,New Zealand,44-54,Northern Mystics,New Zealand,Northern Mystics,New Zealand,"Te Rauparaha Arena, Porirua"
2011,2,1,Sunday 20 February,,Adelaide Thunderbirds,Australia,47-65,Melbourne Vixens,Australia,Melbourne Vixens,Australia,"ETSA Park, Adelaide"
2011,2,1,Sunday 20 February,,Waikato Bay of Plenty Magic,New Zealand,51-36,Southern Steel,New Zealand,Waikato Bay of Plenty Magic,New Zealand,"Energy Events Centre, Rotorua"
2011,2,1,Monday 21 February,,Canterbury Tactix,New Zealand,48-54,West Coast Fever,Australia,West Coast Fever,Australia,"CBS Canterbury Arena, Christchurch"
2011,2,1,Monday 21 February,,Queensland Firebirds,Australia,51-48,New South Wales Swifts,Australia,Queensland Firebirds,Australia,Brisbane Convention and Exhibition Centre
2011,3,1,Thursday 24 February,,Northern Mystics,New Zealand,39-45,Waikato Bay of Plenty Magic,New Zealand,Waikato Bay of Plenty Magic,New Zealand,"Trusts Stadium, Auckland"
2011,3,1,Thursday 24 February,,West Coast Fever,Australia,53-72,Adelaide Thunderbirds,Australia,Adelaide Thunderbirds,Australia,"Challenge Stadium, Perth"
2011,3,1,Saturday 26 February,,Central Pulse,New Zealand,43-45,Southern Steel,New Zealand,Southern Steel,New Zealand,"Te Rauparaha Arena, Porirua"
2011,3,1,Saturday 26 February,,Queensland Firebirds,Australia,64-41,Adelaide Thunderbirds,Australia,Queensland Firebirds,Australia,Brisbane Convention and Exhibition Centre
2011,3,1,Sunday 27 February,,New South Wales Swifts,Australia,45-49,Melbourne Vixens,Australia,Melbourne Vixens,Australia,"State Sports Centre, Sydney"
2011,3,1,Thursday 7 April,,Canterbury Tactix,New Zealand,45-58,Northern Mystics,New Zealand,Northern Mystics,New Zealand,"Vector Arena, Auckland"
2011,3,1,Monday 28 February,,Central Pulse,New Zealand,44-46,Waikato Bay of Plenty Magic,New Zealand,Waikato Bay of Plenty Magic,New Zealand,"TSB Bank Arena, Wellington"
2011,3,1,Monday 28 February,,West Coast Fever,Australia,38-62,Queensland Firebirds,Australia,Queensland Firebirds,Australia,"Challenge Stadium, Perth"
2011,4,1,Saturday 5 March,,Adelaide Thunderbirds,Australia,51-41,Central Pulse,New Zealand,Adelaide Thunderbirds,Australia,"ETSA Park, Adelaide"
2011,4,1,Sunday 6 March,,Queensland Firebirds,Australia,51-36,Southern Steel,New Zealand,Queensland Firebirds,Australia,Brisbane Convention and Exhibition Centre
2011,4,1,Sunday 6 March,,Northern Mystics,New Zealand,56-54,Melbourne Vixens,Australia,Northern Mystics,New Zealand,"Trusts Stadium, Auckland"
2011,4,1,Monday 7 March,,Canterbury Tactix,New Zealand,56-63,Waikato Bay of Plenty Magic,New Zealand,Waikato Bay of Plenty Magic,New Zealand,"Energy Events Centre, Rotorua*"
2011,4,1,Monday 7 March,,New South Wales Swifts,Australia,55-51,West Coast Fever,Australia,New South Wales Swifts,Australia,"State Sports Centre, Sydney"
2011,5,2,Sunday 13 March,,Adelaide Thunderbirds,Australia,42-64,Queensland Firebirds,Australia,Queensland Firebirds,Australia,"ETSA Park, Adelaide"
2011,5,2,Sunday 13 March,,Waikato Bay of Plenty Magic,New Zealand,46-47,Northern Mystics,New Zealand,Northern Mystics,New Zealand,"Mystery Creek Events Centre, Hamilton"
2011,5,2,Monday 14 March,,Southern Steel,New Zealand,50-44,Central Pulse,New Zealand,Southern Steel,New Zealand,Invercargill ILT Velodrome
2011,5,2,Monday 14 March,,New South Wales Swifts,Australia,54-45,Canterbury Tactix,New Zealand,New South Wales Swifts,Australia,"State Sports Centre, Sydney"
2011,6,2,Thursday 17 March,,West Coast Fever,Australia,49-70,New South Wales Swifts,Australia,New South Wales Swifts,Australia,"Challenge Stadium, Perth"
2011,6,2,Saturday 19 March,,West Coast Fever,Australia,50-47,Southern Steel,New Zealand,West Coast Fever,Australia,"Challenge Stadium, Perth"
2011,6,2,Sunday 20 March,,New South Wales Swifts,Australia,53-57,Queensland Firebirds,Australia,Queensland Firebirds,Australia,"State Sports Centre, Sydney"
2011,6,2,Sunday 20 March,,Central Pulse,New Zealand,46-43,Canterbury Tactix,New Zealand,Central Pulse,New Zealand,"Arena Manawatu, Palmerston North"
2011,6,2,Monday 21 March,,Waikato Bay of Plenty Magic,New Zealand,53-41,Melbourne Vixens,Australia,Waikato Bay of Plenty Magic,New Zealand,"Mystery Creek Events Centre, Hamilton"
2011,6,2,Monday 21 March,,Adelaide Thunderbirds,Australia,57-55,Northern Mystics,New Zealand,Adelaide Thunderbirds,Australia,"ETSA Park, Adelaide"
2011,7,2,Saturday 26 March,,Northern Mystics,New Zealand,52-61,Queensland Firebirds,Australia,Queensland Firebirds,Australia,"Trusts Stadium, Auckland"
2011,7,2,Sunday 27 March,,Melbourne Vixens,Australia,65-50,Canterbury Tactix,New Zealand,Melbourne Vixens,Australia,"Hisense Arena, Melbourne"
2011,7,2,Sunday 27 March,,Central Pulse,New Zealand,43-48,New South Wales Swifts,Australia,New South Wales Swifts,Australia,"TSB Bank Arena, Wellington"
2011,7,2,Monday 28 March,,Southern Steel,New Zealand,52-48,Adelaide Thunderbirds,Australia,Southern Steel,New Zealand,Invercargill ILT Velodrome
2011,7,2,Monday 28 March,,West Coast Fever,Australia,41-42,Waikato Bay of Plenty Magic,New Zealand,Waikato Bay of Plenty Magic,New Zealand,"Challenge Stadium, Perth"
2011,8,2,Thursday 31 March,,Canterbury Tactix,New Zealand,49-44,Southern Steel,New Zealand,Canterbury Tactix,New Zealand,"CBS Canterbury Arena, Christchurch"
2011,8,2,Thursday 31 March,,Melbourne Vixens,Australia,42-52,Queensland Firebirds,Australia,Queensland Firebirds,Australia,"State Netball and Hockey Centre,Melbourne"
2011,8,2,Saturday 2 April,,Northern Mystics,New Zealand,61-48,Central Pulse,New Zealand,Northern Mystics,New Zealand,"Trusts Stadium, Auckland"
2011,8,2,Sunday 3 April,,Melbourne Vixens,Australia,42-33,Southern Steel,New Zealand,Melbourne Vixens,Australia,"Hisense Arena, Melbourne"
2011,8,2,Sunday 3 April,,Canterbury Tactix,New Zealand,56-59,Adelaide Thunderbirds,Australia,Adelaide Thunderbirds,Australia,"CBS Canterbury Arena, Christchurch"
2011,8,2,Monday 4 April,,Central Pulse,New Zealand,63-61,West Coast Fever,Australia,Central Pulse,New Zealand,"Te Rauparaha Arena, Porirua"
2011,8,2,Monday 4 April,,Queensland Firebirds,Australia,53-49,Waikato Bay of Plenty Magic,New Zealand,Queensland Firebirds,Australia,Brisbane Convention and Exhibition Centre
2011,9,3,Saturday 9 April,,Southern Steel,New Zealand,49-40,Canterbury Tactix,New Zealand,Southern Steel,New Zealand,"Edgar Centre, Dunedin"
2011,9,3,Sunday 10 April,,Melbourne Vixens,Australia,55-53,Adelaide Thunderbirds,Australia,Melbourne Vixens,Australia,"Hisense Arena, Melbourne"
2011,9,3,Sunday 10 April,,Central Pulse,New Zealand,44-61,Queensland Firebirds,Australia,Queensland Firebirds,Australia,"Te Rauparaha Arena, Porirua"
2011,9,3,Monday 11 April,,Waikato Bay of Plenty Magic,New Zealand,46-53,New South Wales Swifts,Australia,New South Wales Swifts,Australia,"Queen Elizabeth Youth Centre, Tauranga"
2011,9,3,Monday 11 April,,West Coast Fever,Australia,54-56,Northern Mystics,New Zealand,Northern Mystics,New Zealand,"Challenge Stadium, Perth"
2011,10,3,Thursday 14 April,,Waikato Bay of Plenty Magic,New Zealand,53-49,Canterbury Tactix,New Zealand,Waikato Bay of Plenty Magic,New Zealand,"Energy Events Centre, Rotorua"
2011,10,3,Thursday 14 April,,Queensland Firebirds,Australia,57-36,Melbourne Vixens,Australia,Queensland Firebirds,Australia,Brisbane Convention and Exhibition Centre
2011,10,3,Saturday 16 April,,Adelaide Thunderbirds,Australia,57-53,New South Wales Swifts,Australia,Adelaide Thunderbirds,Australia,"ETSA Park, Adelaide"
2011,10,3,Sunday 17 April,,West Coast Fever,Australia,38-54,Melbourne Vixens,Australia,Melbourne Vixens,Australia,"Challenge Stadium, Perth"
2011,10,3,Sunday 17 April,,Southern Steel,New Zealand,33-38,Waikato Bay of Plenty Magic,New Zealand,Waikato Bay of Plenty Magic,New Zealand,Invercargill ILT Velodrome
2011,10,3,Monday 18 April,,Canterbury Tactix,New Zealand,45-47,Central Pulse,New Zealand,Central Pulse,New Zealand,"CBS Canterbury Arena, Christchurch"
2011,10,3,Monday 18 April,,New South Wales Swifts,Australia,53-46,Northern Mystics,New Zealand,New South Wales Swifts,Australia,"State Sports Centre, Sydney"
2011,11,3,Thursday 21 April,,Southern Steel,New Zealand,39-40,New South Wales Swifts,Australia,New South Wales Swifts,Australia,"Edgar Centre, Dunedin"
2011,11,3,Saturday 23 April,,Melbourne Vixens,Australia,58-42,Central Pulse,New Zealand,Melbourne Vixens,Australia,"Hisense Arena, Melbourne"
2011,11,3,Sunday 24 April,,Adelaide Thunderbirds,Australia,36-55,Waikato Bay of Plenty Magic,New Zealand,Waikato Bay of Plenty Magic,New Zealand,"ETSA Park, Adelaide"
2011,11,3,Sunday 24 April,,Northern Mystics,New Zealand,62-43,Canterbury Tactix,New Zealand,Northern Mystics,New Zealand,"Trusts Stadium, Auckland"
2011,11,3,Monday 25 April,,Queensland Firebirds,Australia,56-54,West Coast Fever,Australia,Queensland Firebirds,Australia,Brisbane Convention and Exhibition Centre
2011,12,3,Saturday 30 April,,Canterbury Tactix,New Zealand,52-69,Queensland Firebirds,Australia,Queensland Firebirds,Australia,"CBS Canterbury Arena, Christchurch"
2011,12,3,Sunday 1 May,,Melbourne Vixens,Australia,33-45,New South Wales Swifts,Australia,New South Wales Swifts,Australia,"Hisense Arena, Melbourne"
2011,12,3,Sunday 1 May,,Southern Steel,New Zealand,35-47,Northern Mystics,New Zealand,Northern Mystics,New Zealand,Invercargill ILT Velodrome
2011,12,3,Monday 2 May,,Waikato Bay of Plenty Magic,New Zealand,60-50,Central Pulse,New Zealand,Waikato Bay of Plenty Magic,New Zealand,Taupo Events Centre
2011,12,3,Monday 2 May,,Adelaide Thunderbirds,Australia,59-64,West Coast Fever,Australia,West Coast Fever,Australia,"ETSA Park, Adelaide"
2011,13,4,Sunday 8 May,,New South Wales Swifts,Australia,44-49,Northern Mystics,New Zealand,Northern Mystics,New Zealand,Sydney Olympic Park Sports Centre
2011,13,4,Monday 9 May,,Queensland Firebirds,Australia,50-39,Waikato Bay of Plenty Magic,New Zealand,Queensland Firebirds,Australia,Gold Coast Convention and Exhibition Centre
2011,14,4,Sunday 15 May,,Waikato Bay of Plenty Magic,New Zealand,42-43,Northern Mystics,New Zealand,Northern Mystics,New Zealand,"Mystery Creek Events Centre, Hamilton"
2011,15,4,Sunday 22 May,,Queensland Firebirds,Australia,57-44,Northern Mystics,New Zealand,Queensland Firebirds,Australia,Brisbane Convention and Exhibition Centre
2012,1,1,Saturday 31 March,,Adelaide Thunderbirds,Australia,57-40,New South Wales Swifts,Australia,Adelaide Thunderbirds,Australia,"Netball SA Stadium, Adelaide"
2012,1,1,Sunday 1 April,,Queensland Firebirds,Australia,42-47,Melbourne Vixens,Australia,Melbourne Vixens,Australia,Brisbane Convention and Exhibition Centre
2012,1,1,Sunday 1 April,,Northern Mystics,New Zealand,51-47,Central Pulse,New Zealand,Northern Mystics,New Zealand,"Trusts Stadium, Auckland"
2012,1,1,Monday 2 April,,Southern Steel,New Zealand,49-47,Waikato Bay of Plenty Magic,New Zealand,Southern Steel,New Zealand,"Stadium Southland Velodrome,Invercargill"
2012,1,1,Monday 2 April,,West Coast Fever,Australia,55-35,Canterbury Tactix,New Zealand,West Coast Fever,Australia,"Challenge Stadium, Perth"
2012,2,1,Saturday 7 April,,Central Pulse,New Zealand,47-42,Southern Steel,New Zealand,Central Pulse,New Zealand,"Pettigrew Green Arena, Napier"
2012,2,1,Sunday 8 April,,Queensland Firebirds,Australia,44-54,Adelaide Thunderbirds,Australia,Adelaide Thunderbirds,Australia,Brisbane Convention and Exhibition Centre
2012,2,1,Sunday 8 April,,West Coast Fever,Australia,41-50,Melbourne Vixens,Australia,Melbourne Vixens,Australia,"Challenge Stadium, Perth"
2012,2,1,Sunday 8 April,,Waikato Bay of Plenty Magic,New Zealand,41-47,Northern Mystics,New Zealand,Northern Mystics,New Zealand,"Claudelands Arena, Hamilton"
2012,2,1,Monday 9 April,,Canterbury Tactix,New Zealand,54-51,New South Wales Swifts,Australia,Canterbury Tactix,New Zealand,"CBS Canterbury Arena, Christchurch"
2012,3,1,Sunday 15 April,,Queensland Firebirds,Australia,58-32,Central Pulse,New Zealand,Queensland Firebirds,Australia,Brisbane Convention and Exhibition Centre
2012,3,1,Sunday 15 April,,Adelaide Thunderbirds,Australia,34-48,Melbourne Vixens,Australia,Melbourne Vixens,Australia,"Netball SA Stadium, Adelaide"
2012,3,1,Sunday 15 April,,Canterbury Tactix,New Zealand,53-55,Southern Steel,New Zealand,Southern Steel,New Zealand,"CBS Canterbury Arena, Christchurch"
2012,3,1,Monday 16 April,,Northern Mystics,New Zealand,52-45,West Coast Fever,Australia,Northern Mystics,New Zealand,"Trusts Stadium, Auckland"
2012,3,1,Monday 16 April,,New South Wales Swifts,Australia,49-47,Waikato Bay of Plenty Magic,New Zealand,New South Wales Swifts,Australia,"State Sports Centre, Sydney"
2012,4,1,Saturday 21 April,,Southern Steel,New Zealand,53-56,West Coast Fever,Australia,West Coast Fever,Australia,"Lion Foundation Arena, Dunedin"
2012,4,1,Sunday 22 April,,Melbourne Vixens,Australia,40-39,Waikato Bay of Plenty Magic,New Zealand,Melbourne Vixens,Australia,"Hisense Arena, Melbourne"
2012,4,1,Sunday 22 April,,New South Wales Swifts,Australia,54-49,Queensland Firebirds,Australia,New South Wales Swifts,Australia,"State Sports Centre, Sydney"
2012,4,1,Sunday 22 April,,Northern Mystics,New Zealand,48-50,Adelaide Thunderbirds,Australia,Adelaide Thunderbirds,Australia,"Trusts Stadium, Auckland"
2012,4,1,Monday 23 April,,Central Pulse,New Zealand,50-45,Canterbury Tactix,New Zealand,Central Pulse,New Zealand,"Te Rauparaha Arena, Porirua"
2012,5,2,Sunday 29 April,,West Coast Fever,Australia,36-48,Adelaide Thunderbirds,Australia,Adelaide Thunderbirds,Australia,"Challenge Stadium, Perth"
2012,5,2,Sunday 29 April,,Melbourne Vixens,Australia,52-51,Queensland Firebirds,Australia,Melbourne Vixens,Australia,"Hisense Arena, Melbourne"
2012,5,2,Sunday 29 April,,Central Pulse,New Zealand,47-51,Northern Mystics,New Zealand,Northern Mystics,New Zealand,"Arena Manawatu, Palmerston North"
2012,5,2,Monday 30 April,,Waikato Bay of Plenty Magic,New Zealand,61-52,Canterbury Tactix,New Zealand,Waikato Bay of Plenty Magic,New Zealand,"Energy Events Centre, Rotorua"
2012,6,2,Sunday 6 May,,New South Wales Swifts,Australia,39-36,Central Pulse,New Zealand,New South Wales Swifts,Australia,"State Sports Centre, Sydney"
2012,6,2,Sunday 6 May,,Queensland Firebirds,Australia,56-43,Northern Mystics,New Zealand,Queensland Firebirds,Australia,Gold Coast Convention and Exhibition Centre
2012,6,2,Sunday 6 May,,Waikato Bay of Plenty Magic,New Zealand,65-49,West Coast Fever,Australia,Waikato Bay of Plenty Magic,New Zealand,"TECT Arena, Tauranga"
2012,6,2,Monday 7 May,,Canterbury Tactix,New Zealand,41-65,Melbourne Vixens,Australia,Melbourne Vixens,Australia,"CBS Canterbury Arena, Christchurch"
2012,7,2,Monday 7 May,,Adelaide Thunderbirds,Australia,58-48,Southern Steel,New Zealand,Adelaide Thunderbirds,Australia,"Netball SA Stadium, Adelaide"
2012,7,2,Sunday 13 May,,Adelaide Thunderbirds,Australia,60-43,West Coast Fever,Australia,Adelaide Thunderbirds,Australia,"Netball SA Stadium, Adelaide"
2012,7,2,Sunday 13 May,,New South Wales Swifts,Australia,55-52,Melbourne Vixens,Australia,New South Wales Swifts,Australia,"Allphones Arena, Sydney"
2012,7,2,Sunday 13 May,,Southern Steel,New Zealand,45-49,Northern Mystics,New Zealand,Northern Mystics,New Zealand,"Lion Foundation Arena, Dunedin"
2012,8,2,Monday 14 May,,Central Pulse,New Zealand,46-56,Waikato Bay of Plenty Magic,New Zealand,Waikato Bay of Plenty Magic,New Zealand,"Te Rauparaha Arena, Porirua"
2012,8,2,Monday 14 May,,Queensland Firebirds,Australia,64-48,Canterbury Tactix,New Zealand,Queensland Firebirds,Australia,Brisbane Convention and Exhibition Centre
2012,8,2,Saturday 19 May,,Canterbury Tactix,New Zealand,42-65,Waikato Bay of Plenty Magic,New Zealand,Waikato Bay of Plenty Magic,New Zealand,"CBS Canterbury Arena, Christchurch"
2012,8,2,Sunday 20 May,,Melbourne Vixens,Australia,45-49,Northern Mystics,New Zealand,Northern Mystics,New Zealand,"Hisense Arena, Melbourne"
2012,9,2,Sunday 20 May,,New South Wales Swifts,Australia,52-47,West Coast Fever,Australia,New South Wales Swifts,Australia,Newcastle Entertainment Centre
2012,9,2,Sunday 20 May,,Southern Steel,New Zealand,60-61,Queensland Firebirds,Australia,Queensland Firebirds,Australia,"Stadium Southland Velodrome,Invercargill"
2012,9,2,Monday 21 May,,Central Pulse,New Zealand,47-46,Adelaide Thunderbirds,Australia,Central Pulse,New Zealand,"TSB Bank Arena, Wellington"
2012,9,2,Sunday 27 May,,West Coast Fever,Australia,55-56,Queensland Firebirds,Australia,Queensland Firebirds,Australia,"Challenge Stadium, Perth"
2012,10,2,Sunday 27 May,,Melbourne Vixens,Australia,43-49,New South Wales Swifts,Australia,New South Wales Swifts,Australia,"Hisense Arena, Melbourne"
2012,10,2,Sunday 27 May,,Northern Mystics,New Zealand,57-56,Canterbury Tactix,New Zealand,Northern Mystics,New Zealand,"Trusts Stadium, Auckland"
2012,10,2,Monday 28 May,,Southern Steel,New Zealand,50-58,Central Pulse,New Zealand,Central Pulse,New Zealand,"Lion Foundation Arena, Dunedin"
2012,10,3,Sunday 3 June,,Queensland Firebirds,Australia,50-45,New South Wales Swifts,Australia,Queensland Firebirds,Australia,Brisbane Convention and Exhibition Centre
2012,10,3,Sunday 3 June,,Melbourne Vixens,Australia,48-40,Adelaide Thunderbirds,Australia,Melbourne Vixens,Australia,"Hisense Arena, Melbourne"
2012,11,3,Sunday 3 June,,Canterbury Tactix,New Zealand,47-54,Central Pulse,New Zealand,Central Pulse,New Zealand,"CBS Canterbury Arena, Christchurch"
2012,11,3,Monday 4 June,,Waikato Bay of Plenty Magic,New Zealand,66-47,Southern Steel,New Zealand,Waikato Bay of Plenty Magic,New Zealand,"Claudelands Arena, Hamilton"
2012,11,3,Sunday 10 June,,Adelaide Thunderbirds,Australia,54-49,Queensland Firebirds,Australia,Adelaide Thunderbirds,Australia,"Netball SA Stadium, Adelaide"
2012,11,3,Sunday 10 June,,West Coast Fever,Australia,49-51,New South Wales Swifts,Australia,New South Wales Swifts,Australia,"Challenge Stadium, Perth"
2012,11,3,Sunday 10 June,,Waikato Bay of Plenty Magic,New Zealand,52-42,Central Pulse,New Zealand,Waikato Bay of Plenty Magic,New Zealand,"TECT Arena, Tauranga"
2012,12,3,Monday 11 June,,Northern Mystics,New Zealand,60-49,Southern Steel,New Zealand,Northern Mystics,New Zealand,"Trusts Stadium, Auckland"
2012,12,3,Sunday 17 June,,Melbourne Vixens,Australia,50-49,West Coast Fever,Australia,Melbourne Vixens,Australia,"Hisense Arena, Melbourne"
2012,12,3,Sunday 17 June,,New South Wales Swifts,Australia,35-62,Adelaide Thunderbirds,Australia,Adelaide Thunderbirds,Australia,"State Sports Centre, Sydney"
2012,12,3,Sunday 17 June,,Northern Mystics,New Zealand,46-48,Waikato Bay of Plenty Magic,New Zealand,Waikato Bay of Plenty Magic,New Zealand,"Trusts Stadium, Auckland"
2012,12,3,Monday 18 June,,Southern Steel,New Zealand,61-62,Canterbury Tactix,New Zealand,Canterbury Tactix,New Zealand,Invercargill ILT Velodrome
2012,13,3,Saturday 23 June,,Waikato Bay of Plenty Magic,New Zealand,59-42,Adelaide Thunderbirds,Australia,Waikato Bay of Plenty Magic,New Zealand,"TECT Arena, Tauranga"
2012,13,3,Sunday 24 June,,New South Wales Swifts,Australia,55-42,Southern Steel,New Zealand,New South Wales Swifts,Australia,"State Sports Centre, Sydney"
2012,13,3,Sunday 24 June,,Queensland Firebirds,Australia,63-43,West Coast Fever,Australia,Queensland Firebirds,Australia,Brisbane Convention and Exhibition Centre
2012,13,3,Sunday 24 June,,Canterbury Tactix,New Zealand,55-64,Northern Mystics,New Zealand,Northern Mystics,New Zealand,"CBS Canterbury Arena, Christchurch"
2012,13,3,Monday 25 June,,Central Pulse,New Zealand,41-49,Melbourne Vixens,Australia,Melbourne Vixens,Australia,"Te Rauparaha, Porirua"
2012,14,3,Saturday 30 June,,Southern Steel,New Zealand,38-56,Melbourne Vixens,Australia,Melbourne Vixens,Australia,Invercargill ILT Velodrome
2012,14,3,Sunday 1 July,,Adelaide Thunderbirds,Australia,65-44,Canterbury Tactix,New Zealand,Adelaide Thunderbirds,Australia,"Netball SA Stadium, Adelaide"
2012,14,3,Sunday 1 July,,West Coast Fever,Australia,40-38,Central Pulse,New Zealand,West Coast Fever,Australia,"Challenge Stadium, Perth"
2012,14,3,Sunday 1 July,,Northern Mystics,New Zealand,50-49,New South Wales Swifts,Australia,Northern Mystics,New Zealand,"Trusts Stadium, Auckland"
2012,14,3,Monday 2 July,,Waikato Bay of Plenty Magic,New Zealand,53-43,Queensland Firebirds,Australia,Waikato Bay of Plenty Magic,New Zealand,"Claudelands Arena, Hamilton"
2012,15,4,Sunday 8 July,,Melbourne Vixens,Australia,56-50,Northern Mystics,New Zealand,Melbourne Vixens,Australia,"Rod Laver Arena, Melbourne"
2012,15,4,Monday 9 July,,Waikato Bay of Plenty Magic,New Zealand,49-48,Adelaide Thunderbirds,Australia,Waikato Bay of Plenty Magic,New Zealand,"Claudelands Arena, Hamilton"
2012,16,4,Monday 16 July,,Northern Mystics,New Zealand,48-57,Waikato Bay of Plenty Magic,New Zealand,Waikato Bay of Plenty Magic,New Zealand,"Trust Stadium, Auckland"
2012,17,4,Sunday 22 July,,Melbourne Vixens,Australia,38-41,Waikato Bay of Plenty Magic,New Zealand,Waikato Bay of Plenty Magic,New Zealand,"Hisense Arena, Melbourne"
2013,1,1,Sunday 24 March,,Queensland Firebirds,Australia,68-59,Southern Steel,New Zealand,Queensland Firebirds,Australia,Brisbane Convention and Exhibition Centre
2013,1,1,Sunday 24 March,,Adelaide Thunderbirds,Australia,49-42,Central Pulse,New Zealand,Adelaide Thunderbirds,Australia,"Netball SA Stadium, Adelaide"
2013,1,1,Sunday 24 March,,Canterbury Tactix,New Zealand,46-69,Waikato Bay of Plenty Magic,New Zealand,Waikato Bay of Plenty Magic,New Zealand,"Trafalgar Centre, Nelson"
2013,1,1,Monday 25 March,,Northern Mystics,New Zealand,46-60,Melbourne Vixens,Australia,Melbourne Vixens,Australia,"Trusts Stadium, Auckland"
2013,1,1,Monday 25 March,,New South Wales Swifts,Australia,55-41,West Coast Fever,Australia,New South Wales Swifts,Australia,"State Sports Centre, Sydney"
2013,2,1,Saturday 30 March,,Canterbury Tactix,New Zealand,56-75,Southern Steel,New Zealand,Southern Steel,New Zealand,"CBS Canterbury Arena, Christchurch"
2013,2,1,Sunday 31 March,,Melbourne Vixens,Australia,58-44,Adelaide Thunderbirds,Australia,Melbourne Vixens,Australia,"Hisense Arena, Melbourne"
2013,2,1,Sunday 31 March,,West Coast Fever,Australia,80-53,Northern Mystics,New Zealand,West Coast Fever,Australia,"Challenge Stadium, Perth"
2013,2,1,Sunday 31 March,,Waikato Bay of Plenty Magic,New Zealand,61-35,New South Wales Swifts,Australia,Waikato Bay of Plenty Magic,New Zealand,"ASB Baypark Arena, Tauranga"
2013,2,1,Monday 1 April,,Central Pulse,New Zealand,56-58,Queensland Firebirds,Australia,Queensland Firebirds,Australia,"Te Rauparaha Arena, Porirua"
2013,3,1,Saturday 6 April,,Southern Steel,New Zealand,54-60,Adelaide Thunderbirds,Australia,Adelaide Thunderbirds,Australia,"Lion Foundation Arena, Dunedin"
2013,3,1,Sunday 7 April,,West Coast Fever,Australia,57-51,Waikato Bay of Plenty Magic,New Zealand,West Coast Fever,Australia,"Challenge Stadium, Perth"
2013,3,1,Sunday 7 April,,Northern Mystics,New Zealand,51-72,Queensland Firebirds,Australia,Queensland Firebirds,Australia,"Trusts Stadium, Auckland"
2013,3,1,Monday 8 April,,Central Pulse,New Zealand,55-49,New South Wales Swifts,Australia,Central Pulse,New Zealand,"TSB Bank Arena, Wellington"
2013,3,1,Monday 8 April,,Melbourne Vixens,Australia,60-40,Canterbury Tactix,New Zealand,Melbourne Vixens,Australia,"Hisense Arena, Melbourne"
2013,4,1,Sunday 14 April,,Adelaide Thunderbirds,Australia,72-46,West Coast Fever,Australia,Adelaide Thunderbirds,Australia,"Netball SA Stadium, Adelaide"
2013,4,1,Sunday 14 April,,Central Pulse,New Zealand,59-56,Southern Steel,New Zealand,Central Pulse,New Zealand,"Arena Manawatu, Palmerston North"
2013,4,1,Monday 15 April,,Canterbury Tactix,New Zealand,80-78,Northern Mystics,New Zealand,Canterbury Tactix,New Zealand,"CBS Canterbury Arena, Christchurch"
2013,4,1,Monday 15 April,,New South Wales Swifts,Australia,53-61,Queensland Firebirds,Australia,Queensland Firebirds,Australia,Sydney Olympic Park Sports Centre
2013,4,2,Sunday 21 April,,Adelaide Thunderbirds,Australia,39-38,Melbourne Vixens,Australia,Adelaide Thunderbirds,Australia,"Netball SA Stadium, Adelaide"
2013,5,2,Sunday 21 April,,West Coast Fever,Australia,71-51,New South Wales Swifts,Australia,West Coast Fever,Australia,"Challenge Stadium, Perth"
2013,5,2,Sunday 21 April,,Northern Mystics,New Zealand,69-68,Central Pulse,New Zealand,Northern Mystics,New Zealand,"Trusts Stadium, Auckland"
2013,5,2,Monday 22 April,,Waikato Bay of Plenty Magic,New Zealand,65-45,Canterbury Tactix,New Zealand,Waikato Bay of Plenty Magic,New Zealand,"ASB Baypark Arena, Tauranga"
2013,5,2,Saturday 27 April,,West Coast Fever,Australia,49-58,Melbourne Vixens,Australia,Melbourne Vixens,Australia,"Perth Arena, Perth"
2013,6,2,Sunday 28 April,,Queensland Firebirds,Australia,53-54,Adelaide Thunderbirds,Australia,Adelaide Thunderbirds,Australia,Brisbane Convention and Exhibition Centre
2013,6,2,Sunday 28 April,,Central Pulse,New Zealand,53-52,Waikato Bay of Plenty Magic,New Zealand,Central Pulse,New Zealand,"TSB Bank Arena, Wellington"
2013,6,2,Monday 29 April,,Southern Steel,New Zealand,67-52,Northern Mystics,New Zealand,Southern Steel,New Zealand,"Stadium Southland Velodrome,Invercargill"
2013,6,2,Sunday 5 May,,Queensland Firebirds,Australia,63-54,West Coast Fever,Australia,Queensland Firebirds,Australia,Brisbane Convention and Exhibition Centre
2013,7,2,Sunday 5 May,,Melbourne Vixens,Australia,52-30,Central Pulse,New Zealand,Melbourne Vixens,Australia,"Hisense Arena, Melbourne"
2013,7,2,Sunday 5 May,,Northern Mystics,New Zealand,57-61,Canterbury Tactix,New Zealand,Canterbury Tactix,New Zealand,"Trusts Stadium, Auckland"
2013,7,2,Monday 6 May,,Southern Steel,New Zealand,60-55,New South Wales Swifts,Australia,Southern Steel,New Zealand,"Stadium Southland Velodrome,Invercargill"
2013,7,2,Monday 6 May,,Adelaide Thunderbirds,Australia,45-33,Waikato Bay of Plenty Magic,New Zealand,Adelaide Thunderbirds,Australia,"Netball SA Stadium, Adelaide"
2013,8,2,Saturday 11 May,,Canterbury Tactix,New Zealand,51-76,Queensland Firebirds,Australia,Queensland Firebirds,Australia,"CBS Canterbury Arena, Christchurch"
2013,8,2,Sunday 12 May,,New South Wales Swifts,Australia,42-50,Melbourne Vixens,Australia,Melbourne Vixens,Australia,Sydney Olympic Park Sports Centre
2013,8,2,Sunday 12 May,,West Coast Fever,Australia,47-49,Adelaide Thunderbirds,Australia,Adelaide Thunderbirds,Australia,"Challenge Stadium, Perth"
2013,8,2,Sunday 12 May,,Northern Mystics,New Zealand,63-73,Southern Steel,New Zealand,Southern Steel,New Zealand,"Trusts Stadium, Auckland"
2013,9,2,Monday 13 May,,Waikato Bay of Plenty Magic,New Zealand,53-49,Central Pulse,New Zealand,Waikato Bay of Plenty Magic,New Zealand,"Claudelands Arena, Hamilton"
2013,9,2,Saturday 18 May,,Southern Steel,New Zealand,65-58,Waikato Bay of Plenty Magic,New Zealand,Southern Steel,New Zealand,"Stadium Southland Velodrome,Invercargill"
2013,9,2,Sunday 19 May,,Melbourne Vixens,Australia,46-57,Queensland Firebirds,Australia,Queensland Firebirds,Australia,"Hisense Arena, Melbourne"
2013,9,2,Sunday 19 May,,Adelaide Thunderbirds,Australia,50-48,New South Wales Swifts,Australia,Adelaide Thunderbirds,Australia,"Netball SA Stadium, Adelaide"
2013,10,2,Sunday 19 May,,Canterbury Tactix,New Zealand,55-64,West Coast Fever,Australia,West Coast Fever,Australia,"Trafalgar Centre, Nelson"
2013,10,2,Monday 20 May,,Central Pulse,New Zealand,63-48,Northern Mystics,New Zealand,Central Pulse,New Zealand,"Te Rauparaha Arena, Porirua"
2013,10,3,Sunday 26 May,,New South Wales Swifts,Australia,63-44,Northern Mystics,New Zealand,New South Wales Swifts,Australia,Sydney Olympic Park Sports Centre
2013,10,3,Sunday 26 May,,Queensland Firebirds,Australia,62-65,Waikato Bay of Plenty Magic,New Zealand,Waikato Bay of Plenty Magic,New Zealand,Gold Coast Convention and Exhibition Centre
2013,10,3,Sunday 26 May,,Central Pulse,New Zealand,53-52,West Coast Fever,Australia,Central Pulse,New Zealand,"TSB Bank Arena, Wellington"
2013,11,3,Monday 27 May,,Canterbury Tactix,New Zealand,58-62,Adelaide Thunderbirds,Australia,Adelaide Thunderbirds,Australia,"Lion Foundation Arena, Dunedin"
2013,11,3,Monday 27 May,,Melbourne Vixens,Australia,58-52,Southern Steel,New Zealand,Melbourne Vixens,Australia,"Hisense Arena, Melbourne"
2013,11,3,Sunday 2 June,,New South Wales Swifts,Australia,43-46,Adelaide Thunderbirds,Australia,Adelaide Thunderbirds,Australia,"Allphones Arena, Sydney"
2013,11,3,Sunday 2 June,,Queensland Firebirds,Australia,47-53,Melbourne Vixens,Australia,Melbourne Vixens,Australia,Brisbane Convention and Exhibition Centre
2013,11,3,Sunday 2 June,,Waikato Bay of Plenty Magic,New Zealand,58-52,Southern Steel,New Zealand,Waikato Bay of Plenty Magic,New Zealand,"Energy Events Centre, Rotorua"
2013,12,3,Monday 3 June,,Canterbury Tactix,New Zealand,45-62,Central Pulse,New Zealand,Central Pulse,New Zealand,"CBS Canterbury Arena, Christchurch"
2013,12,3,Saturday 8 June,,Melbourne Vixens,Australia,39-48,New South Wales Swifts,Australia,New South Wales Swifts,Australia,"Hisense Arena, Melbourne"
2013,12,3,Sunday 9 June,,West Coast Fever,Australia,47-72,Queensland Firebirds,Australia,Queensland Firebirds,Australia,"Challenge Stadium, Perth"
2013,12,3,Sunday 9 June,,Southern Steel,New Zealand,79-62,Canterbury Tactix,New Zealand,Southern Steel,New Zealand,"Lion Foundation Arena, Dunedin"
2013,12,3,Monday 10 June,,Northern Mystics,New Zealand,50-60,Waikato Bay of Plenty Magic,New Zealand,Waikato Bay of Plenty Magic,New Zealand,"Trusts Stadium, Auckland"
2013,13,3,Sunday 16 June,,Queensland Firebirds,Australia,52-48,New South Wales Swifts,Australia,Queensland Firebirds,Australia,Brisbane Convention and Exhibition Centre
2013,13,3,Sunday 16 June,,Adelaide Thunderbirds,Australia,64-48,Northern Mystics,New Zealand,Adelaide Thunderbirds,Australia,"Netball SA Stadium, Adelaide"
2013,13,3,Sunday 16 June,,Waikato Bay of Plenty Magic,New Zealand,56-51,Melbourne Vixens,Australia,Waikato Bay of Plenty Magic,New Zealand,"Claudelands Arena, Hamilton"
2013,13,3,Monday 17 June,,Central Pulse,New Zealand,73-59,Canterbury Tactix,New Zealand,Central Pulse,New Zealand,"Te Rauparaha Arena, Porirua"
2013,13,3,Monday 17 June,,West Coast Fever,Australia,68-56,Southern Steel,New Zealand,West Coast Fever,Australia,"Challenge Stadium, Perth"
2013,14,3,Sunday 23 June,,Melbourne Vixens,Australia,69-39,West Coast Fever,Australia,Melbourne Vixens,Australia,"Hisense Arena, Melbourne"
2013,14,3,Sunday 23 June,,Adelaide Thunderbirds,Australia,54-52,Queensland Firebirds,Australia,Adelaide Thunderbirds,Australia,"Netball SA Stadium, Adelaide"
2013,14,3,Sunday 23 June,,Southern Steel,New Zealand,64-73,Central Pulse,New Zealand,Central Pulse,New Zealand,"Stadium Southland Velodrome,Invercargill"
2013,14,3,Monday 24 June,,Waikato Bay of Plenty Magic,New Zealand,68-40,Northern Mystics,New Zealand,Waikato Bay of Plenty Magic,New Zealand,"ASB Baypark Arena, Tauranga"
2013,14,3,Monday 24 June,,New South Wales Swifts,Australia,62-42,Canterbury Tactix,New Zealand,New South Wales Swifts,Australia,Sydney Olympic Park Sports Centre
2013,15,4,Sunday 30 June,,Adelaide Thunderbirds,Australia,49-39,Melbourne Vixens,Australia,Adelaide Thunderbirds,Australia,"Netball SA Stadium, Adelaide"
2013,15,4,Monday 1 July,,Waikato Bay of Plenty Magic,New Zealand,50-53,Queensland Firebirds,Australia,Queensland Firebirds,Australia,"Claudelands Arena, Hamilton"
2013,16,4,Sunday 7 July,,Melbourne Vixens,Australia,46-50,Queensland Firebirds,Australia,Queensland Firebirds,Australia,"State Netball Hockey Centre, Melbourne"
2013,17,4,Sunday 14 July,,Adelaide Thunderbirds,Australia,50-48,Queensland Firebirds,Australia,Adelaide Thunderbirds,Australia,"Adelaide Entertainment Centre, Adelaide"